AILLEVILLE,http://annuaire-des-mairies.com/./10/ailleville.html,mairie.ailleville@cc-bar-sur-aube.fr
AIX EN OTHE,http://annuaire-des-mairies.com/./10/aix-en-othe.html,mairie-aix-en-othe@wanadoo.fr
ALLIBAUDIERES,http://annuaire-des-mairies.com/./10/allibaudieres.html,allibaudieres@wanadoo.fr
AMANCE,http://annuaire-des-mairies.com/./10/amance.html,commune-amance@wanadoo.fr
ARCIS SUR AUBE,http://annuaire-des-mairies.com/./10/arcis-sur-aube.html,mairie-arcis.sur.aube@wanadoo.fr
ARCONVILLE,http://annuaire-des-mairies.com/./10/arconville.html,mairie.arconville@cc-bar-sur-aube.fr
ARGANCON,http://annuaire-des-mairies.com/./10/argancon.html,mairieargancon@wanadoo.fr
ARRELLES,http://annuaire-des-mairies.com/./10/arrelles.html,mairie.arrelles@packsurfwifi.com
ARREMBECOURT,http://annuaire-des-mairies.com/./10/arrembecourt.html,""
ARRENTIERES,http://annuaire-des-mairies.com/./10/arrentieres.html,mairie.arrentieres@cc-bar-sur-aube.fr
ARSONVAL,http://annuaire-des-mairies.com/./10/arsonval.html,mairie.arsonval@cc-bar-sur-aube.fr
ASSENAY,http://annuaire-des-mairies.com/./10/assenay.html,mairie.assenay@wanadoo.fr
ASSENCIERES,http://annuaire-des-mairies.com/./10/assencieres.html,mairie.assencieres@orange.fr
AUBETERRE,http://annuaire-des-mairies.com/./10/aubeterre.html,aubeterre10@orange.fr
AULNAY,http://annuaire-des-mairies.com/./10/aulnay.html,mairie.aulnay10@wanadoo.fr
AUXON,http://annuaire-des-mairies.com/./10/auxon.html,mairie.auxon@wanadoo.fr
AVANT LES MARCILLY,http://annuaire-des-mairies.com/./10/avant-les-marcilly.html,commune.avantlesmarcilly@wanadoo.fr
AVANT LES RAMERUPT,http://annuaire-des-mairies.com/./10/avant-les-ramerupt.html,mairie.avantlesramerupt@laposte.net
AVIREY LINGEY,http://annuaire-des-mairies.com/./10/avirey-lingey.html,mairie.avireylingey@orange.fr
AVON LA PEZE,http://annuaire-des-mairies.com/./10/avon-la-peze.html,mairie.avon-la-peze@wanadoo.fr
AVREUIL,http://annuaire-des-mairies.com/./10/avreuil.html,mairie.avreuil@wanadoo.fr
BAGNEUX LA FOSSE,http://annuaire-des-mairies.com/./10/bagneux-la-fosse.html,mairie.bagneux@wanadoo.fr
BAILLY LE FRANC,http://annuaire-des-mairies.com/./10/bailly-le-franc.html,mairie.baillylefranc@packsurfwifi.com
BALIGNICOURT,http://annuaire-des-mairies.com/./10/balignicourt.html,mairie.balignicourt@parcksurwifi.com
BALNOT LA GRANGE,http://annuaire-des-mairies.com/./10/balnot-la-grange.html,mairie.balnot-la-grange@wanadoo.fr
BALNOT SUR LAIGNES,http://annuaire-des-mairies.com/./10/balnot-sur-laignes.html,mairie-de-balnot-sur-laignes@wanadoo.fr
BARBEREY SAINT SULPICE,http://annuaire-des-mairies.com/./10/barberey-saint-sulpice.html,mairie-barberey-aube@wanadoo.fr
BARBUISE,http://annuaire-des-mairies.com/./10/barbuise.html,mairie.barbuise@wanadoo.fr
BAROVILLE,http://annuaire-des-mairies.com/./10/baroville.html,mairie.baroville1@orange.fr
BAR SUR AUBE,http://annuaire-des-mairies.com/./10/bar-sur-aube.html,mairie.barsuraube@wanadoo.fr
BAR SUR SEINE,http://annuaire-des-mairies.com/./10/bar-sur-seine.html,barsurseine@fr.oleane.com
BAYEL,http://annuaire-des-mairies.com/./10/bayel.html,commune-de-bayel@wanadoo.fr
BERCENAY EN OTHE,http://annuaire-des-mairies.com/./10/bercenay-en-othe.html,mairie.bercenayenothe@orange.fr
BERCENAY LE HAYER,http://annuaire-des-mairies.com/./10/bercenay-le-hayer.html,mairie.bercenaylehayer@wanadoo.fr
BERGERES,http://annuaire-des-mairies.com/./10/bergeres.html,mairie.bergeres@cc-bar-sur-aube.fr
BERNON,http://annuaire-des-mairies.com/./10/bernon.html,mairie.bernon@wanadoo.fr
BERTIGNOLLES,http://annuaire-des-mairies.com/./10/bertignolles.html,mairie.bertignolles@wanadoo.fr
BERULLE,http://annuaire-des-mairies.com/./10/berulle.html,mairie.berulle@wanadoo.fr
BESSY,http://annuaire-des-mairies.com/./10/bessy.html,mairie.bessy@wanadoo.fr
BETIGNICOURT,http://annuaire-des-mairies.com/./10/betignicourt.html,""
BEUREY,http://annuaire-des-mairies.com/./10/beurey.html,mairiedebeurey@wanadoo.fr
BLAINCOURT SUR AUBE,http://annuaire-des-mairies.com/./10/blaincourt-sur-aube.html,mairie.blaincourt@fr.oleane.com
BLIGNICOURT,http://annuaire-des-mairies.com/./10/blignicourt.html,mairie.blignicourt@nordnet.fr
BLIGNY,http://annuaire-des-mairies.com/./10/bligny.html,mairie.bligny@cc-bar-sur-aube.fr
BOSSANCOURT,http://annuaire-des-mairies.com/./10/bossancourt.html,mairie.bossancourt@wanadoo.fr
BOUILLY,http://annuaire-des-mairies.com/./10/bouilly.html,mairie.bouilly@wanadoo.fr
BOULAGES,http://annuaire-des-mairies.com/./10/boulages.html,mairie.boulages@wanadoo.fr
BOURANTON,http://annuaire-des-mairies.com/./10/bouranton.html,mairie.bouranton@wanadoo.fr
BOURDENAY,http://annuaire-des-mairies.com/./10/bourdenay.html,mairie.bourdenay@wanadoo.fr
BOURGUIGNONS,http://annuaire-des-mairies.com/./10/bourguignons.html,mairie.bourguignons@orange.fr
BOUY LUXEMBOURG,http://annuaire-des-mairies.com/./10/bouy-luxembourg.html,mairie.bouy.luxembourg@wanadoo.fr
BOUY SUR ORVIN,http://annuaire-des-mairies.com/./10/bouy-sur-orvin.html,mairie-bouy-sur-orvin@orange.fr
BRAGELOGNE BEAUVOIR,http://annuaire-des-mairies.com/./10/bragelogne-beauvoir.html,mairie.bragelogne.beauvoir@wanadoo.fr
BRAUX,http://annuaire-des-mairies.com/./10/braux.html,mairiebraux@orange.fr
BREVIANDES,http://annuaire-des-mairies.com/./10/breviandes.html,breviandes-ville@wanadoo.fr
BREVONNES,http://annuaire-des-mairies.com/./10/brevonnes.html,mairie@brevonnes.fr
BRIEL SUR BARSE,http://annuaire-des-mairies.com/./10/briel-sur-barse.html,mairie.briel@wanadoo.fr
BRIENNE LA VIEILLE,http://annuaire-des-mairies.com/./10/brienne-la-vieille.html,briennelavielle@wanadoo.fr
BRIENNE LE CHATEAU,http://annuaire-des-mairies.com/./10/brienne-le-chateau.html,contact@ville-brienne-le-chateau.fr
BRILLECOURT,http://annuaire-des-mairies.com/./10/brillecourt.html,mairie.brillecourt@orange.fr
BUCEY EN OTHE,http://annuaire-des-mairies.com/./10/bucey-en-othe.html,mairie.buceyenothe@wanadoo.fr
BUCHERES,http://annuaire-des-mairies.com/./10/bucheres.html,commune.bucheres10@wanadoo.fr
BUXEUIL,http://annuaire-des-mairies.com/./10/buxeuil.html,commune.buxeuil@wanadoo.fr
BUXIERES SUR ARCE,http://annuaire-des-mairies.com/./10/buxieres-sur-arce.html,mairie.buxieressurarce@orange.fr
CELLES SUR OURCE,http://annuaire-des-mairies.com/./10/celles-sur-ource.html,mairie.celles.sur.ource@wanadoo.fr
CHACENAY,http://annuaire-des-mairies.com/./10/chacenay.html,mairiechacenay@wanadoo.fr
CHALETTE SUR VOIRE,http://annuaire-des-mairies.com/./10/chalette-sur-voire.html,commune-chalette-sur-voire@orange.fr
CHAMOY,http://annuaire-des-mairies.com/./10/chamoy.html,mairie.chamoy@wanadoo.fr
CHAMPFLEURY,http://annuaire-des-mairies.com/./10/champfleury.html,champfleury.mairie@wanadoo.fr
CHAMPIGNOL LEZ MONDEVILLE,http://annuaire-des-mairies.com/./10/champignol-lez-mondeville.html,mairie-champignol-lez-mondeville@wanadoo.fr
CHAMPIGNY SUR AUBE,http://annuaire-des-mairies.com/./10/champigny-sur-aube.html,""
CHAMP SUR BARSE,http://annuaire-des-mairies.com/./10/champ-sur-barse.html,mairie.champsurbarse@orange.fr
CHANNES,http://annuaire-des-mairies.com/./10/channes.html,mairiechannes@packsurfwifi.com
CHAOURCE,http://annuaire-des-mairies.com/./10/chaource.html,mairie.chaource@wanadoo.fr
CHAPELLE VALLON,http://annuaire-des-mairies.com/./10/chapelle-vallon.html,chapellevallon@wanadoo.fr
CHAPPES,http://annuaire-des-mairies.com/./10/chappes.html,chappes.mairie@wanadoo.fr
CHARMONT SOUS BARBUISE,http://annuaire-des-mairies.com/./10/charmont-sous-barbuise.html,mairie-charmont@wanadoo.fr
CHARMOY,http://annuaire-des-mairies.com/./10/charmoy.html,""
CHARNY LE BACHOT,http://annuaire-des-mairies.com/./10/charny-le-bachot.html,charny.mairie@wanadoo.fr
CHASEREY,http://annuaire-des-mairies.com/./10/chaserey.html,mairie.chaserey@wanadoo.fr
CHATRES,http://annuaire-des-mairies.com/./10/chatres.html,mairiedechatres@wanadoo.fr
CHAUCHIGNY,http://annuaire-des-mairies.com/./10/chauchigny.html,mairie.chauchigny@wanadoo.fr
CHAUDREY,http://annuaire-des-mairies.com/./10/chaudrey.html,mairie.chaudrey@wanadoo.fr
CHAUFFOUR LES BAILLY,http://annuaire-des-mairies.com/./10/chauffour-les-bailly.html,chauffourlesbailly@wanadoo.fr
CHAUMESNIL,http://annuaire-des-mairies.com/./10/chaumesnil.html,commune-de-chaumesnil@wanadoo.fr
CHAVANGES,http://annuaire-des-mairies.com/./10/chavanges.html,mairie.chavanges@wanadoo.fr
CHENNEGY,http://annuaire-des-mairies.com/./10/chennegy.html,mairie.chennegy@wanadoo.fr
CHERVEY,http://annuaire-des-mairies.com/./10/chervey.html,sivom.valleearce@wanadoo.fr
CHESLEY,http://annuaire-des-mairies.com/./10/chesley.html,mairie.chesley@wanadoo.fr
CHESSY LES PRES,http://annuaire-des-mairies.com/./10/chessy-les-pres.html,mairie.chessylespres@wanadoo.fr
CLEREY,http://annuaire-des-mairies.com/./10/clerey.html,mairie.clerey@orange.fr
COCLOIS,http://annuaire-des-mairies.com/./10/coclois.html,cocloismairie@aliceadsl.fr
COLOMBE LA FOSSE,http://annuaire-des-mairies.com/./10/colombe-la-fosse.html,mairie.colombe.la.fosse@wanadoo.fr
COLOMBE LE SEC,http://annuaire-des-mairies.com/./10/colombe-le-sec.html,mairie.colombe-le-sec@cc-bar-sur-aube.fr
CORMOST,http://annuaire-des-mairies.com/./10/cormost.html,mairie.cormost@wanadoo.fr
COURCELLES SUR VOIRE,http://annuaire-des-mairies.com/./10/courcelles-sur-voire.html,mairie.courcelles@laposte.net
COURCEROY,http://annuaire-des-mairies.com/./10/courceroy.html,mairie-courceroy@wanadoo.fr
COURSAN EN OTHE,http://annuaire-des-mairies.com/./10/coursan-en-othe.html,mairie@coursan.net
COURTAOULT,http://annuaire-des-mairies.com/./10/courtaoult.html,""
COURTENOT,http://annuaire-des-mairies.com/./10/courtenot.html,mairie.courtenot@wanadoo.fr
COURTERANGES,http://annuaire-des-mairies.com/./10/courteranges.html,commune-courteranges@wanadoo.fr
COURTERON,http://annuaire-des-mairies.com/./10/courteron.html,mairie.courteron@wanadoo.fr
COUSSEGREY,http://annuaire-des-mairies.com/./10/coussegrey.html,mairie.coussegrey@wanadoo.fr
COUVIGNON,http://annuaire-des-mairies.com/./10/couvignon.html,mairie.couvignon@cc-bar-sur-aube.fr
CRANCEY,http://annuaire-des-mairies.com/./10/crancey.html,communedecrancey@wanadoo.fr
CRENEY PRES TROYES,http://annuaire-des-mairies.com/./10/creney-pres-troyes.html,mairiecreney@wanadoo.fr
CRESANTIGNES,http://annuaire-des-mairies.com/./10/cresantignes.html,mairie.cresantignes@wanadoo.fr
CRESPY LE NEUF,http://annuaire-des-mairies.com/./10/crespy-le-neuf.html,mairie.crespy@packsurfwifi.com
CUNFIN,http://annuaire-des-mairies.com/./10/cunfin.html,mairie.cunfin@wanadoo.fr
CUSSANGY,http://annuaire-des-mairies.com/./10/cussangy.html,cussangy-mairie@wanadoo.fr
DAMPIERRE,http://annuaire-des-mairies.com/./10/dampierre.html,dampierre.mairie@wanadoo.fr
DAVREY,http://annuaire-des-mairies.com/./10/davrey.html,com.davrey@wanadoo.fr
DIENVILLE,http://annuaire-des-mairies.com/./10/dienville.html,communededienville@orange.fr
DIERREY SAINT JULIEN,http://annuaire-des-mairies.com/./10/dierrey-saint-julien.html,mairiedierreystjulien@orange.fr
DIERREY SAINT PIERRE,http://annuaire-des-mairies.com/./10/dierrey-saint-pierre.html,mairie.dierreystpierre@packsurfwifi.com
DOLANCOURT,http://annuaire-des-mairies.com/./10/dolancourt.html,mairie.dolancourt@orange.fr
DOMMARTIN LE COQ,http://annuaire-des-mairies.com/./10/dommartin-le-coq.html,mairiedommartinlecoq@wanadoo.fr
DONNEMENT,http://annuaire-des-mairies.com/./10/donnement.html,mairie.donnement@wanadoo.fr
DOSCHES,http://annuaire-des-mairies.com/./10/dosches.html,mairie.dosches@wanadoo.fr
DOSNON,http://annuaire-des-mairies.com/./10/dosnon.html,mairie.dosnon.10@wanadoo.fr
DROUPT SAINT BASLE,http://annuaire-des-mairies.com/./10/droupt-saint-basle.html,commune-droupt-st-basle@wanadoo.fr
DROUPT SAINTE MARIE,http://annuaire-des-mairies.com/./10/droupt-sainte-marie.html,mairie.droupt-ste-marie@wanadoo.fr
EAUX PUISEAUX,http://annuaire-des-mairies.com/./10/eaux-puiseaux.html,mairie@eaux-puiseaux.net
ECHEMINES,http://annuaire-des-mairies.com/./10/echemines.html,mairie.echemines@orange.fr
ECLANCE,http://annuaire-des-mairies.com/./10/eclance.html,mairieeclance@wanadoo.fr
EGUILLY SOUS BOIS,http://annuaire-des-mairies.com/./10/eguilly-sous-bois.html,mairie.eguilly.sousbois@wanadoo.fr
ENGENTE,http://annuaire-des-mairies.com/./10/engente.html,mairie.engente@cc-bar-sur-aube.fr
EPAGNE,http://annuaire-des-mairies.com/./10/epagne.html,mairie.epagne@gmail.com
EPOTHEMONT,http://annuaire-des-mairies.com/./10/epothemont.html,mairie.epothemont@wanadoo.fr
ERVY LE CHATEL,http://annuaire-des-mairies.com/./10/ervy-le-chatel.html,mairie-ervy-le-chatel@wanadoo.fr
ESSOYES,http://annuaire-des-mairies.com/./10/essoyes.html,mairie-essoyes@wanadoo.fr
ESTISSAC,http://annuaire-des-mairies.com/./10/estissac.html,mairie.d-estissac@wanadoo.fr
ETOURVY,http://annuaire-des-mairies.com/./10/etourvy.html,mairie.etourvy@wanadoo.fr
ETRELLES SUR AUBE,http://annuaire-des-mairies.com/./10/etrelles-sur-aube.html,etrelles.mairie@wanadoo.fr
FAUX VILLECERF,http://annuaire-des-mairies.com/./10/faux-villecerf.html,mairie@faux-villecerf.net
FAY LES MARCILLY,http://annuaire-des-mairies.com/./10/fay-les-marcilly.html,""
FAYS LA CHAPELLE,http://annuaire-des-mairies.com/./10/fays-la-chapelle.html,mairie.fayslachapelle@wanadoo.fr
FERREUX QUINCEY,http://annuaire-des-mairies.com/./10/ferreux-quincey.html,mairie.ferreux.quincey@wanadoo.fr
FEUGES,http://annuaire-des-mairies.com/./10/feuges.html,mairie.feuges@wanadoo.fr
FONTAINE,http://annuaire-des-mairies.com/./10/fontaine.html,mairie.fontaine@cc-bar-sur-aube.fr
FONTAINE LES GRES,http://annuaire-des-mairies.com/./10/fontaine-les-gres.html,mairie.fontainelesgres@wanadoo.fr
FONTAINE MACON,http://annuaire-des-mairies.com/./10/fontaine-macon.html,mairie.fontaine.macon@wanadoo.fr
FONTENAY DE BOSSERY,http://annuaire-des-mairies.com/./10/fontenay-de-bossery.html,mairie-fontenay-de-bossery@wanadoo.fr
FONTETTE,http://annuaire-des-mairies.com/./10/fontette.html,mairie.fontette@wanadoo.fr
FONTVANNES,http://annuaire-des-mairies.com/./10/fontvannes.html,mairie.fontvannes@wanadoo.fr
FOUCHERES,http://annuaire-des-mairies.com/./10/foucheres.html,foucheres.mairie@wanadoo.fr
FRALIGNES,http://annuaire-des-mairies.com/./10/fralignes.html,mairie.fralignes@wanadoo.fr
FRAVAUX,http://annuaire-des-mairies.com/./10/fravaux.html,mairie.fravaux@cc-bar-sur-aube.fr
FRESNAY,http://annuaire-des-mairies.com/./10/fresnay.html,mairiedefresnay@orange.fr
FRESNOY LE CHATEAU,http://annuaire-des-mairies.com/./10/fresnoy-le-chateau.html,mairiefresnoy@wanadoo.fr
FULIGNY,http://annuaire-des-mairies.com/./10/fuligny.html,commune.fuligny@wanadoo.fr
GELANNES,http://annuaire-des-mairies.com/./10/gelannes.html,mairie.gelannes@wanadoo.fr
GERAUDOT,http://annuaire-des-mairies.com/./10/geraudot.html,mairie-de-geraudot@wanadoo.fr
GRANDVILLE,http://annuaire-des-mairies.com/./10/grandville.html,mairie.10grandville@wanadoo.fr
GUMERY,http://annuaire-des-mairies.com/./10/gumery.html,mairie-de-gumery@wanadoo.fr
GYE SUR SEINE,http://annuaire-des-mairies.com/./10/gye-sur-seine.html,mairie.gyesurseine@wanadoo.fr
HAMPIGNY,http://annuaire-des-mairies.com/./10/hampigny.html,mairie.hampigny@wanadoo.fr
HERBISSE,http://annuaire-des-mairies.com/./10/herbisse.html,mairie.herbisse@wanadoo.fr
ISLE AUBIGNY,http://annuaire-des-mairies.com/./10/isle-aubigny.html,mairie.isleaubigny@orange.fr
ISLE AUMONT,http://annuaire-des-mairies.com/./10/isle-aumont.html,mairie.isle.aumont@wanadoo.fr
JASSEINES,http://annuaire-des-mairies.com/./10/jasseines.html,mairie.jasseines@wanadoo.fr
JAUCOURT,http://annuaire-des-mairies.com/./10/jaucourt.html,mairie.jaucourt@cc-bar-sur-aube.fr
JAVERNANT,http://annuaire-des-mairies.com/./10/javernant.html,javernant.aube@wanadoo.fr
JESSAINS,http://annuaire-des-mairies.com/./10/jessains.html,mairie.jessains@wanadoo.fr
JEUGNY,http://annuaire-des-mairies.com/./10/jeugny.html,mairie.jeugny@wanadoo.fr
JONCREUIL,http://annuaire-des-mairies.com/./10/joncreuil.html,""
JULLY SUR SARCE,http://annuaire-des-mairies.com/./10/jully-sur-sarce.html,mairie.jullysursarce@wanadoo.fr
JUVANCOURT,http://annuaire-des-mairies.com/./10/juvancourt.html,mairie.juvancourt@cc-bar-sur-aube.fr
JUVANZE,http://annuaire-des-mairies.com/./10/juvanze.html,mairie.juvanze@orange.fr
JUZANVIGNY,http://annuaire-des-mairies.com/./10/juzanvigny.html,mairie.juzanvigny@wanadoo.fr
LA CHAISE,http://annuaire-des-mairies.com/./10/la-chaise.html,mairie.lachaise@packsurfwifi.com
LA CHAPELLE SAINT LUC,http://annuaire-des-mairies.com/./10/la-chapelle-saint-luc.html,dgs@la-chapelle-st-luc.eu
LA FOSSE CORDUAN,http://annuaire-des-mairies.com/./10/la-fosse-corduan.html,mairie.fossecorduan@free.fr
LAGESSE,http://annuaire-des-mairies.com/./10/lagesse.html,mairie.lagesse@wanadoo.fr
LAINES AUX BOIS,http://annuaire-des-mairies.com/./10/laines-aux-bois.html,mairie.lainesauxbois@wanadoo.fr
LA LOGE AUX CHEVRES,http://annuaire-des-mairies.com/./10/la-loge-aux-chevres.html,mairie.logeauxchevres@packsurfwifi.com
LA LOGE POMBLIN,http://annuaire-des-mairies.com/./10/la-loge-pomblin.html,mairie.loge-pomblin@wanadoo.fr
LA LOUPTIERE THENARD,http://annuaire-des-mairies.com/./10/la-louptiere-thenard.html,mairie-la-louptiere-thenard@wanadoo.fr
LA MOTTE TILLY,http://annuaire-des-mairies.com/./10/la-motte-tilly.html,mairie-de-la-motte-tilly@wanadoo.fr
LANDREVILLE,http://annuaire-des-mairies.com/./10/landreville.html,mairie.landreville@wanadoo.fr
LANTAGES,http://annuaire-des-mairies.com/./10/lantages.html,mairie.lantages@wanadoo.fr
LA RIVIERE DE CORPS,http://annuaire-des-mairies.com/./10/la-riviere-de-corps.html,lrdc.accueil@wanadoo.fr
LA ROTHIERE,http://annuaire-des-mairies.com/./10/la-rothiere.html,la-rothiere@wanadoo.fr
LA SAULSOTTE,http://annuaire-des-mairies.com/./10/la-saulsotte.html,mairie.lasaulsotte@wanadoo.fr
LASSICOURT,http://annuaire-des-mairies.com/./10/lassicourt.html,mairie.lassicourt@gmail.com
LAUBRESSEL,http://annuaire-des-mairies.com/./10/laubressel.html,mairie.laubressel@wanadoo.fr
LAVAU,http://annuaire-des-mairies.com/./10/lavau.html,mairie.lavau@wanadoo.fr
LA VENDUE MIGNOT,http://annuaire-des-mairies.com/./10/la-vendue-mignot.html,mairie.lavendue@wanadoo.fr
LA VILLE AUX BOIS,http://annuaire-des-mairies.com/./10/la-ville-aux-bois.html,ville-aux-bois@wanadoo.fr
LA VILLENEUVE AU CHATELOT,http://annuaire-des-mairies.com/./10/la-villeneuve-au-chatelot.html,mairie.la.villeneuve.au.chatelot@orange.fr
LA VILLENEUVE AU CHENE,http://annuaire-des-mairies.com/./10/la-villeneuve-au-chene.html,mairie.lvac@wanadoo.fr
LE CHENE,http://annuaire-des-mairies.com/./10/le-chene.html,mairiedelechene@wanadoo.fr
LE MERIOT,http://annuaire-des-mairies.com/./10/le-meriot.html,mairie.meriot@wanadoo.fr
LENTILLES,http://annuaire-des-mairies.com/./10/lentilles.html,mairielentilles@orange.fr
LE PAVILLON SAINTE JULIE,http://annuaire-des-mairies.com/./10/le-pavillon-sainte-julie.html,mairie.pavillon@wanadoo.fr
LES BORDES AUMONT,http://annuaire-des-mairies.com/./10/les-bordes-aumont.html,lesbordes-aumont@wanadoo.fr
LES CROUTES,http://annuaire-des-mairies.com/./10/les-croutes.html,mairie.lescroutes@wanadoo.fr
LES GRANDES CHAPELLES,http://annuaire-des-mairies.com/./10/les-grandes-chapelles.html,lesgrandeschapelles.mairie@wanadoo.fr
LES GRANGES,http://annuaire-des-mairies.com/./10/les-granges.html,mairie.les-granges@wanadoo.fr
LES LOGES MARGUERON,http://annuaire-des-mairies.com/./10/les-loges-margueron.html,mairielogesmargueron@packsurfwifi.com
LESMONT,http://annuaire-des-mairies.com/./10/lesmont.html,mairie.lesmont@wanadoo.fr
LES NOES PRES TROYES,http://annuaire-des-mairies.com/./10/les-noes-pres-troyes.html,mairie@lesnoes.com
LES RICEYS,http://annuaire-des-mairies.com/./10/les-riceys.html,mairiericeys@wanadoo.fr
LEVIGNY,http://annuaire-des-mairies.com/./10/levigny.html,mairie.levigny@wanadoo.fr
LHUITRE,http://annuaire-des-mairies.com/./10/lhuitre.html,mairiedelhuitre@wanadoo.fr
LIGNIERES,http://annuaire-des-mairies.com/./10/lignieres.html,mairie.lignieres2@wanadoo.fr
LIGNOL LE CHATEAU,http://annuaire-des-mairies.com/./10/lignol-le-chateau.html,mairie.lignol-le-chateau@cc-bar-sur-aube.fr
LIREY,http://annuaire-des-mairies.com/./10/lirey.html,mairie.lirey@wanadoo.fr
LOCHES SUR OURCE,http://annuaire-des-mairies.com/./10/loches-sur-ource.html,mairie-loches-sur-ource-aube@wanadoo.fr
LONGCHAMP SUR AUJON,http://annuaire-des-mairies.com/./10/longchamp-sur-aujon.html,mairie.longchamp-sur-aujon@cc-bar-sur-aube.fr
LONGEVILLE SUR MOGNE,http://annuaire-des-mairies.com/./10/longeville-sur-mogne.html,mairie-longeville@wanadoo.fr
LONGPRE LE SEC,http://annuaire-des-mairies.com/./10/longpre-le-sec.html,""
LONGSOLS,http://annuaire-des-mairies.com/./10/longsols.html,mairie.longsols@orange.fr
LONGUEVILLE SUR AUBE,http://annuaire-des-mairies.com/./10/longueville-sur-aube.html,mairie.longueville-sur-aube@wanadoo.fr
LUSIGNY SUR BARSE,http://annuaire-des-mairies.com/./10/lusigny-sur-barse.html,mairie.lusigny@wanadoo.fr
LUYERES,http://annuaire-des-mairies.com/./10/luyeres.html,mairie.luyeres@wanadoo.fr
MACEY,http://annuaire-des-mairies.com/./10/macey.html,""
MACHY,http://annuaire-des-mairies.com/./10/machy.html,mairie.machy@wanadoo.fr
MAGNANT,http://annuaire-des-mairies.com/./10/magnant.html,mairie.magnant@orange.fr
MAGNICOURT,http://annuaire-des-mairies.com/./10/magnicourt.html,mairie.magnicourt@wanadoo.fr
MAGNY FOUCHARD,http://annuaire-des-mairies.com/./10/magny-fouchard.html,mairie.magny@wanadoo.fr
MAILLY LE CAMP,http://annuaire-des-mairies.com/./10/mailly-le-camp.html,mairie.mailly-le-camp@wanadoo.fr
MAISON DES CHAMPS,http://annuaire-des-mairies.com/./10/maison-des-champs.html,mairie.maisondeschamps@orange.fr
MAISONS LES CHAOURCE,http://annuaire-des-mairies.com/./10/maisons-les-chaource.html,mairie.maisons-les-chaource@wanadoo.fr
MAISONS LES SOULAINES,http://annuaire-des-mairies.com/./10/maisons-les-soulaines.html,maisons.les.soulaines.mairie@wanadoo.fr
MAIZIERES LA GRANDE PAROISSE,http://annuaire-des-mairies.com/./10/maizieres-la-grande-paroisse.html,mairie-de-maizieres@wanadoo.fr
MAIZIERES LES BRIENNE,http://annuaire-des-mairies.com/./10/maizieres-les-brienne.html,mairie.maiziereslesbrienne@orange.fr
MARAYE EN OTHE,http://annuaire-des-mairies.com/./10/maraye-en-othe.html,mairie-de-maraye-en-othe@wanadoo.fr
MARCILLY LE HAYER,http://annuaire-des-mairies.com/./10/marcilly-le-hayer.html,mairie.marcillylehayer@wanadoo.fr
MARIGNY LE CHATEL,http://annuaire-des-mairies.com/./10/marigny-le-chatel.html,marigny-le-chatel@wanadoo.fr
MARNAY SUR SEINE,http://annuaire-des-mairies.com/./10/marnay-sur-seine.html,mairie38@wanadoo.fr
MAROLLES LES BAILLY,http://annuaire-des-mairies.com/./10/marolles-les-bailly.html,mairie.marolleslesbailly@wanadoo.fr
MAROLLES SOUS LIGNIERES,http://annuaire-des-mairies.com/./10/marolles-sous-lignieres.html,mairie-marolles@wanadoo.fr
MATHAUX,http://annuaire-des-mairies.com/./10/mathaux.html,mairie.mathaux@wanadoo.fr
MAUPAS,http://annuaire-des-mairies.com/./10/maupas.html,mairie.maupas@wanadoo.fr
MERGEY,http://annuaire-des-mairies.com/./10/mergey.html,mairie.mergey@wanadoo.fr
MERREY SUR ARCE,http://annuaire-des-mairies.com/./10/merrey-sur-arce.html,merreysurarce.mairie@wanadoo.fr
MERY SUR SEINE,http://annuaire-des-mairies.com/./10/mery-sur-seine.html,mairie.mery-sur-seine@wanadoo.fr
MESGRIGNY,http://annuaire-des-mairies.com/./10/mesgrigny.html,jean-marc.tranchand@wanadoo.fr
MESNIL LA COMTESSE,http://annuaire-des-mairies.com/./10/mesnil-la-comtesse.html,mesnil.lacomtesse10@wanadoo.fr
MESNIL LETTRE,http://annuaire-des-mairies.com/./10/mesnil-lettre.html,mairie.mesnil-lettre@orange.fr
MESNIL SAINT LOUP,http://annuaire-des-mairies.com/./10/mesnil-saint-loup.html,mairie-mesnil-saint-loup@wanadoo.fr
MESNIL SAINT PERE,http://annuaire-des-mairies.com/./10/mesnil-saint-pere.html,mairie-de-mesnil-saint-pere@wanadoo.fr
MESNIL SELLIERES,http://annuaire-des-mairies.com/./10/mesnil-sellieres.html,mairie.mesnil-sellieres@wanadoo.fr
MESSON,http://annuaire-des-mairies.com/./10/messon.html,mairiemesson@wanadoo.fr
METZ ROBERT,http://annuaire-des-mairies.com/./10/metz-robert.html,mairie.metz-robert@wanadoo.fr
MEURVILLE,http://annuaire-des-mairies.com/./10/meurville.html,mairie.meurville@cc-bar-sur-aube.fr
MOLINS SUR AUBE,http://annuaire-des-mairies.com/./10/molins-sur-aube.html,mairie.molins10@wanadoo.fr
MONTAULIN,http://annuaire-des-mairies.com/./10/montaulin.html,montaulin@wanadoo.fr
MONTCEAUX LES VAUDES,http://annuaire-des-mairies.com/./10/montceaux-les-vaudes.html,mairie-montceaux@packsurfwifi.com
MONTFEY,http://annuaire-des-mairies.com/./10/montfey.html,mairiedemontfey@wanadoo.fr
MONTGUEUX,http://annuaire-des-mairies.com/./10/montgueux.html,montgueux.mairie@wanadoo.fr
MONTIERAMEY,http://annuaire-des-mairies.com/./10/montieramey.html,commune.montieramey@wanadoo.fr
MONTIER EN L ISLE,http://annuaire-des-mairies.com/./10/montier-en-l-isle.html,mairie.montier-en-lisle@cc-bar-sur-aube.fr
MONTIGNY LES MONTS,http://annuaire-des-mairies.com/./10/montigny-les-monts.html,mairie.montigny-les-monts@wanadoo.fr
MONTMARTIN LE HAUT,http://annuaire-des-mairies.com/./10/montmartin-le-haut.html,mairie-de.montmartinlehaut@orange.fr
MONTMORENCY BEAUFORT,http://annuaire-des-mairies.com/./10/montmorency-beaufort.html,mairie.montmorency@wanadoo.fr
MONTPOTHIER,http://annuaire-des-mairies.com/./10/montpothier.html,mairie.montpothier@wanadoo.fr
MONTREUIL SUR BARSE,http://annuaire-des-mairies.com/./10/montreuil-sur-barse.html,commune.montreuilsurbarse@wanadoo.fr
MONTSUZAIN,http://annuaire-des-mairies.com/./10/montsuzain.html,mairie.montsuzain10@orange.fr
MOREMBERT,http://annuaire-des-mairies.com/./10/morembert.html,mairiedemorembert@orange.fr
MORVILLIERS,http://annuaire-des-mairies.com/./10/morvilliers.html,mairie.morvilliers@wanadoo.fr
MOUSSEY,http://annuaire-des-mairies.com/./10/moussey.html,mairie.moussey.aube@wanadoo.fr
MUSSY SUR SEINE,http://annuaire-des-mairies.com/./10/mussy-sur-seine.html,mairiemussy-sur-seine@wanadoo.fr
NEUVILLE SUR SEINE,http://annuaire-des-mairies.com/./10/neuville-sur-seine.html,mairie.neuvillesurseine@wanadoo.fr
NEUVILLE SUR VANNES,http://annuaire-des-mairies.com/./10/neuville-sur-vannes.html,mairie-neuville-sur-vanne@wanadoo.fr
NOE LES MALLETS,http://annuaire-des-mairies.com/./10/noe-les-mallets.html,mairie.noelesmallets@wanadoo.fr
NOGENT EN OTHE,http://annuaire-des-mairies.com/./10/nogent-en-othe.html,""
NOGENT SUR AUBE,http://annuaire-des-mairies.com/./10/nogent-sur-aube.html,mairienogentsuraube@wanadoo.fr
NOGENT SUR SEINE,http://annuaire-des-mairies.com/./10/nogent-sur-seine.html,francois.brunet@ville-nogent-sur-seine.fr
NOZAY,http://annuaire-des-mairies.com/./10/nozay.html,mairie.nozay@orange.fr
ONJON,http://annuaire-des-mairies.com/./10/onjon.html,mairie.onjon@wanadoo.fr
ORIGNY LE SEC,http://annuaire-des-mairies.com/./10/origny-le-sec.html,mairie-orignylesec@wanadoo.fr
ORMES,http://annuaire-des-mairies.com/./10/ormes.html,ormes10@wanadoo.fr
ORTILLON,http://annuaire-des-mairies.com/./10/ortillon.html,mairie.ortillon@orange.fr
ORVILLIERS SAINT JULIEN,http://annuaire-des-mairies.com/./10/orvilliers-saint-julien.html,mairie.dorvilliers.stjulien@wanadoo.fr
OSSEY LES TROIS MAISONS,http://annuaire-des-mairies.com/./10/ossey-les-trois-maisons.html,mairie.ossey.les.3.maisons@wanadoo.fr
PAISY COSDON,http://annuaire-des-mairies.com/./10/paisy-cosdon.html,paisy.cosdon@wanadoo.fr
PALIS,http://annuaire-des-mairies.com/./10/palis.html,mairie.palis@orange.fr
PARGUES,http://annuaire-des-mairies.com/./10/pargues.html,mairie.pargues@wanadoo.fr
PARS LES CHAVANGES,http://annuaire-des-mairies.com/./10/pars-les-chavanges.html,mairieparsleschavanges@wanadoo.fr
PARS LES ROMILLY,http://annuaire-des-mairies.com/./10/pars-les-romilly.html,ville.parslesromilly@wanadoo.fr
PAYNS,http://annuaire-des-mairies.com/./10/payns.html,mairiedepayns@wanadoo.fr
PEL ET DER,http://annuaire-des-mairies.com/./10/pel-et-der.html,mairie.peletder@wanadoo.fr
PERIGNY LA ROSE,http://annuaire-des-mairies.com/./10/perigny-la-rose.html,commune-perigny-la-rose@orange.fr
PERTHES LES BRIENNE,http://annuaire-des-mairies.com/./10/perthes-les-brienne.html,mairie.pertheslesbrienne@orange.fr
PETIT MESNIL,http://annuaire-des-mairies.com/./10/petit-mesnil.html,mairie.petitmesnil@wanadoo.fr
PINEY,http://annuaire-des-mairies.com/./10/piney.html,mairie.piney@wanadoo.fr
PLAINES SAINT LANGE,http://annuaire-des-mairies.com/./10/plaines-saint-lange.html,mairie-plaines.st.lange@wanadoo.fr
PLANCY L ABBAYE,http://annuaire-des-mairies.com/./10/plancy-l-abbaye.html,mairie.plancy@wanadoo.fr
PLANTY,http://annuaire-des-mairies.com/./10/planty.html,mairie.planty@wanadoo.fr
PLESSIS BARBUISE,http://annuaire-des-mairies.com/./10/plessis-barbuise.html,""
POIVRES,http://annuaire-des-mairies.com/./10/poivres.html,mairiedepoivres@wanadoo.fr
POLIGNY,http://annuaire-des-mairies.com/./10/poligny.html,mairie.poligny@wanadoo.fr
POLISOT,http://annuaire-des-mairies.com/./10/polisot.html,mairiepolisot@wanadoo.fr
POLISY,http://annuaire-des-mairies.com/./10/polisy.html,mairie.polisy@wanadoo.fr
PONT SAINTE MARIE,http://annuaire-des-mairies.com/./10/pont-sainte-marie.html,plandreat@wanadoo.fr
PONT SUR SEINE,http://annuaire-des-mairies.com/./10/pont-sur-seine.html,mairie.pontseine@wanadoo.fr
POUAN LES VALLEES,http://annuaire-des-mairies.com/./10/pouan-les-vallees.html,mairie.pouan@orange.fr
POUGY,http://annuaire-des-mairies.com/./10/pougy.html,mairie.pougy10@wanadoo.fr
POUY SUR VANNES,http://annuaire-des-mairies.com/./10/pouy-sur-vannes.html,mairiepouysurvannes@wanadoo.fr
PRASLIN,http://annuaire-des-mairies.com/./10/praslin.html,mairie.praslin@wanadoo.fr
PRECY NOTRE DAME,http://annuaire-des-mairies.com/./10/precy-notre-dame.html,precy.notre.dame@wanadoo.fr
PRECY SAINT MARTIN,http://annuaire-des-mairies.com/./10/precy-saint-martin.html,mairie.precy.st.martin@wanadoo.fr
PREMIERFAIT,http://annuaire-des-mairies.com/./10/premierfait.html,mairiedepremierfait@orange.fr
PROVERVILLE,http://annuaire-des-mairies.com/./10/proverville.html,mairie.proverville@cc-bar-sur-aube.fr
PRUGNY,http://annuaire-des-mairies.com/./10/prugny.html,mairie.prugny@wanadoo.fr
PRUNAY BELLEVILLE,http://annuaire-des-mairies.com/./10/prunay-belleville.html,lambrecht.patrice@free.fr
PRUSY,http://annuaire-des-mairies.com/./10/prusy.html,commune.prusy@wanadoo.fr
PUITS ET NUISEMENT,http://annuaire-des-mairies.com/./10/puits-et-nuisement.html,mairie.puitsetnuisement@wanadoo.fr
RACINES,http://annuaire-des-mairies.com/./10/racines.html,mairie.racines@wanadoo.fr
RADONVILLIERS,http://annuaire-des-mairies.com/./10/radonvilliers.html,mairie.radonvilliers@wanadoo.fr
RAMERUPT,http://annuaire-des-mairies.com/./10/ramerupt.html,mairie.ramerupt@wanadoo.fr
RANCES,http://annuaire-des-mairies.com/./10/rances.html,mairie.rances@orange.fr
RHEGES,http://annuaire-des-mairies.com/./10/rheges.html,mairie.rheges@wanadoo.fr
RIGNY LA NONNEUSE,http://annuaire-des-mairies.com/./10/rigny-la-nonneuse.html,mairie.rigny-la-nonneuse@wanadoo.fr
RIGNY LE FERRON,http://annuaire-des-mairies.com/./10/rigny-le-ferron.html,mairie-rigny-le-ferron@wanadoo.fr
RILLY SAINTE SYRE,http://annuaire-des-mairies.com/./10/rilly-sainte-syre.html,commune.rilly-ste-syre@wanadoo.fr
ROMILLY SUR SEINE,http://annuaire-des-mairies.com/./10/romilly-sur-seine.html,infos@ville-romilly-sur-seine.fr
RONCENAY,http://annuaire-des-mairies.com/./10/roncenay.html,mairie-de-roncenay@wanadoo.fr
ROSIERES PRES TROYES,http://annuaire-des-mairies.com/./10/rosieres-pres-troyes.html,mairie@rosieres.org
ROSNAY L HOPITAL,http://annuaire-des-mairies.com/./10/rosnay-l-hopital.html,rosnaylhopital@wanadoo.fr
ROUILLY SACEY,http://annuaire-des-mairies.com/./10/rouilly-sacey.html,rouilly-sacey@wanadoo.fr
ROUILLY SAINT LOUP,http://annuaire-des-mairies.com/./10/rouilly-saint-loup.html,mairierouillysaintloup@wanadoo.fr
ROUVRES LES VIGNES,http://annuaire-des-mairies.com/./10/rouvres-les-vignes.html,mairie.rouvres-les-vignes@cc-bar-sur-aube.fr
RUMILLY LES VAUDES,http://annuaire-des-mairies.com/./10/rumilly-les-vaudes.html,mairie.rumilly@orange.fr
RUVIGNY,http://annuaire-des-mairies.com/./10/ruvigny.html,mairie.ruvigny@wanadoo.fr
SAINT ANDRE LES VERGERS,http://annuaire-des-mairies.com/./10/saint-andre-les-vergers.html,contact@ville-saint-andre-les-vergers.fr
SAINT AUBIN,http://annuaire-des-mairies.com/./10/saint-aubin.html,mairiedesaintaubin2@wanadoo.fr
SAINT BENOIST SUR VANNE,http://annuaire-des-mairies.com/./10/saint-benoist-sur-vanne.html,stbenoistsurvanne@wanadoo.fr
SAINT BENOIT SUR SEINE,http://annuaire-des-mairies.com/./10/saint-benoit-sur-seine.html,mairie.saint-benoit-10@wanadoo.fr
SAINT CHRISTOPHE DODINICOURT,http://annuaire-des-mairies.com/./10/saint-christophe-dodinicourt.html,commune.stchristophe-dodinicourt@orange.fr
SAINTE MAURE,http://annuaire-des-mairies.com/./10/sainte-maure.html,mairie.saintemaure.10@wanadoo.fr
SAINTE SAVINE,http://annuaire-des-mairies.com/./10/sainte-savine.html,info@sainte-savine.fr
SAINT ETIENNE SOUS BARBUISE,http://annuaire-des-mairies.com/./10/saint-etienne-sous-barbuise.html,mairie.saint-etienne10@wanadoo.fr
SAINT FLAVY,http://annuaire-des-mairies.com/./10/saint-flavy.html,sandra.vaillant.ccoa@orange.fr
SAINT GERMAIN,http://annuaire-des-mairies.com/./10/saint-germain.html,contact@mairie-saintgermain.fr
SAINT HILAIRE SOUS ROMILLY,http://annuaire-des-mairies.com/./10/saint-hilaire-sous-romilly.html,mairie.saint.hilaire@wanadoo.fr
SAINT JEAN DE BONNEVAL,http://annuaire-des-mairies.com/./10/saint-jean-de-bonneval.html,mairie.st.jean.de.bonneval@wanadoo.fr
SAINT JULIEN LES VILLAS,http://annuaire-des-mairies.com/./10/saint-julien-les-villas.html,mairie.stjulienlesvillas@wanadoo.fr
SAINT LEGER PRES TROYES,http://annuaire-des-mairies.com/./10/saint-leger-pres-troyes.html,mairie-de-st-leger-pres-troyes@wanadoo.fr
SAINT LEGER SOUS BRIENNE,http://annuaire-des-mairies.com/./10/saint-leger-sous-brienne.html,stleger.sous.brienne@wanadoo.fr
SAINT LEGER SOUS MARGERIE,http://annuaire-des-mairies.com/./10/saint-leger-sous-margerie.html,desaintlegersousmargerie.mairie@nordnet.fr
SAINT LOUP DE BUFFIGNY,http://annuaire-des-mairies.com/./10/saint-loup-de-buffigny.html,cc-orvin-ardusson@wanadoo.fr
SAINT LUPIEN,http://annuaire-des-mairies.com/./10/saint-lupien.html,saintlupien@wanadoo.fr
SAINT LYE,http://annuaire-des-mairies.com/./10/saint-lye.html,mairie-saint-lye@wanadoo.fr
SAINT MARDS EN OTHE,http://annuaire-des-mairies.com/./10/saint-mards-en-othe.html,mairiesaintmardsenothe@wanadoo.fr
SAINT MARTIN DE BOSSENAY,http://annuaire-des-mairies.com/./10/saint-martin-de-bossenay.html,mairiedestmartin@wanadoo.fr
SAINT MESMIN,http://annuaire-des-mairies.com/./10/saint-mesmin.html,mairie.stmesmin@wanadoo.fr
SAINT NABORD SUR AUBE,http://annuaire-des-mairies.com/./10/saint-nabord-sur-aube.html,""
SAINT NICOLAS LA CHAPELLE,http://annuaire-des-mairies.com/./10/saint-nicolas-la-chapelle.html,mairie.snlc@wanadoo.fr
SAINT OULPH,http://annuaire-des-mairies.com/./10/saint-oulph.html,mairiestoulph@wanadoo.fr
SAINT PARRES AUX TERTRES,http://annuaire-des-mairies.com/./10/saint-parres-aux-tertres.html,commune.de.st.parres.aux.tertres@wanadoo.fr
SAINT PARRES LES VAUDES,http://annuaire-des-mairies.com/./10/saint-parres-les-vaudes.html,mairie.st-parres-les-vaudes@wanadoo.fr
SAINT PHAL,http://annuaire-des-mairies.com/./10/saint-phal.html,mairie.saint.phal@wanadoo.fr
SAINT POUANGE,http://annuaire-des-mairies.com/./10/saint-pouange.html,mairie.saintpouange@wanadoo.fr
SAINT REMY SOUS BARBUISE,http://annuaire-des-mairies.com/./10/saint-remy-sous-barbuise.html,st.remy.mairie@wanadoo.fr
SAINT THIBAULT,http://annuaire-des-mairies.com/./10/saint-thibault.html,mairie.stthibault@wanadoo.fr
SAINT USAGE,http://annuaire-des-mairies.com/./10/saint-usage.html,mairie.saint-usage@wanadoo.fr
SALON,http://annuaire-des-mairies.com/./10/salon.html,mairie.salon@wanadoo.fr
SAULCY,http://annuaire-des-mairies.com/./10/saulcy.html,saulcy.mairie@wanadoo.fr
SAVIERES,http://annuaire-des-mairies.com/./10/savieres.html,mairiedesavieres@wanadoo.fr
SEMOINE,http://annuaire-des-mairies.com/./10/semoine.html,mairie.semoine@orange.fr
SOLIGNY LES ETANGS,http://annuaire-des-mairies.com/./10/soligny-les-etangs.html,mairie-soligny-les-etangs@wanadoo.fr
SOMMEVAL,http://annuaire-des-mairies.com/./10/sommeval.html,mairie.sommeval@wanadoo.fr
SOULAINES DHUYS,http://annuaire-des-mairies.com/./10/soulaines-dhuys.html,mairie.soulaines@wanadoo.fr
SOULIGNY,http://annuaire-des-mairies.com/./10/souligny.html,mairiesouligny@orange.fr
SPOY,http://annuaire-des-mairies.com/./10/spoy.html,mairie.spoy@cc-bar-sur-aube.fr
THENNELIERES,http://annuaire-des-mairies.com/./10/thennelieres.html,mairie.thennelieres@wanadoo.fr
THIEFFRAIN,http://annuaire-des-mairies.com/./10/thieffrain.html,mairie.thieffrain@wanadoo.fr
THIL,http://annuaire-des-mairies.com/./10/thil.html,mairiedethil10@packsurfwifi.com
THORS,http://annuaire-des-mairies.com/./10/thors.html,mairie.thors@wanadoo.fr
TORCY LE GRAND,http://annuaire-des-mairies.com/./10/torcy-le-grand.html,mairie.torcy-le-grand@wanadoo.fr
TORCY LE PETIT,http://annuaire-des-mairies.com/./10/torcy-le-petit.html,mairie.torcylepetit@wanadoo.fr
TORVILLIERS,http://annuaire-des-mairies.com/./10/torvilliers.html,mairie.torvilliers@wanadoo.fr
TRAINEL,http://annuaire-des-mairies.com/./10/trainel.html,mairie.trainel@wanadoo.fr
TRANCAULT,http://annuaire-des-mairies.com/./10/trancault.html,mairie.trancault@wanadoo.fr
TRANNES,http://annuaire-des-mairies.com/./10/trannes.html,mairie.trannes@wanadoo.fr
TROUANS,http://annuaire-des-mairies.com/./10/trouans.html,mairie.trouans@wanadoo.fr
TROYES,http://annuaire-des-mairies.com/./10/troyes.html,mairie@ville-troyes.fr
TURGY,http://annuaire-des-mairies.com/./10/turgy.html,mairie.turgy@wanadoo.fr
UNIENVILLE,http://annuaire-des-mairies.com/./10/unienville.html,mairie-unienville@wanadoo.fr
URVILLE,http://annuaire-des-mairies.com/./10/urville.html,mairie.urville10@wanadoo.fr
VAILLY,http://annuaire-des-mairies.com/./10/vailly.html,mairie.vailly@wanadoo.fr
VAL D AUZON,http://annuaire-des-mairies.com/./10/val-d-auzon.html,mairie.valdauzon@wanadoo.fr
VALLANT SAINT GEORGES,http://annuaire-des-mairies.com/./10/vallant-saint-georges.html,mairie.vallant@wanadoo.fr
VALLENTIGNY,http://annuaire-des-mairies.com/./10/vallentigny.html,mairie-de-vallentigny@orange.fr
VALLIERES,http://annuaire-des-mairies.com/./10/vallieres.html,mairie.vallieres@wanadoo.fr
VANLAY,http://annuaire-des-mairies.com/./10/vanlay.html,mairie.vanlay@wanadoo.fr
VAUCHASSIS,http://annuaire-des-mairies.com/./10/vauchassis.html,mairie.vauchassis@wanadoo.fr
VAUCHONVILLIERS,http://annuaire-des-mairies.com/./10/vauchonvilliers.html,vauchonvilliers.mairie@wanadoo.fr
VAUCOGNE,http://annuaire-des-mairies.com/./10/vaucogne.html,mairie.vaucogne@wanadoo.fr
VAUDES,http://annuaire-des-mairies.com/./10/vaudes.html,mairie.vaudes@wanadoo.fr
VAUPOISSON,http://annuaire-des-mairies.com/./10/vaupoisson.html,vaupoisson@wanadoo.fr
VENDEUVRE SUR BARSE,http://annuaire-des-mairies.com/./10/vendeuvre-sur-barse.html,mairie-de-vendeuvre-sur-barse@wanadoo.fr
VERNONVILLIERS,http://annuaire-des-mairies.com/./10/vernonvilliers.html,mairie.vernonvilliers@wanadoo.fr
VERPILLIERES SUR OURCE,http://annuaire-des-mairies.com/./10/verpillieres-sur-ource.html,mairie.verpillieres@wanadoo.fr
VERRICOURT,http://annuaire-des-mairies.com/./10/verricourt.html,mairie.verricourt@orange.fr
VERRIERES,http://annuaire-des-mairies.com/./10/verrieres.html,mairie.verrieres@wanadoo.fr
VIAPRES LE PETIT,http://annuaire-des-mairies.com/./10/viapres-le-petit.html,mairie.viapres@wanadoo.fr
VILLACERF,http://annuaire-des-mairies.com/./10/villacerf.html,mairie-de-villacerf@wanadoo.fr
VILLADIN,http://annuaire-des-mairies.com/./10/villadin.html,""
VILLECHETIF,http://annuaire-des-mairies.com/./10/villechetif.html,villechetif@wanadoo.fr
VILLELOUP,http://annuaire-des-mairies.com/./10/villeloup.html,mairievilleloup@orange.fr
VILLEMAUR SUR VANNE,http://annuaire-des-mairies.com/./10/villemaur-sur-vanne.html,mairie-de-villemaur@wanadoo.fr
VILLEMEREUIL,http://annuaire-des-mairies.com/./10/villemereuil.html,mairie.villemereuil@wanadoo.fr
VILLEMOIRON EN OTHE,http://annuaire-des-mairies.com/./10/villemoiron-en-othe.html,mairie.villemoiron@wanadoo.fr
VILLEMORIEN,http://annuaire-des-mairies.com/./10/villemorien.html,mairie.villemorien@wanadoo.fr
VILLEMOYENNE,http://annuaire-des-mairies.com/./10/villemoyenne.html,villemoyenne.mairie@orange.fr
VILLENAUXE LA GRANDE,http://annuaire-des-mairies.com/./10/villenauxe-la-grande.html,mairie.villenauxe@wanadoo.fr
VILLENEUVE AU CHEMIN,http://annuaire-des-mairies.com/./10/villeneuve-au-chemin.html,mairie.villeneuveauchemin@wanadoo.fr
VILLERET,http://annuaire-des-mairies.com/./10/villeret.html,mairie-villeret@nordnet.fr
VILLERY,http://annuaire-des-mairies.com/./10/villery.html,mairie.villery@wanadoo.fr
VILLE SOUS LA FERTE,http://annuaire-des-mairies.com/./10/ville-sous-la-ferte.html,mairie.ville-sous-la-ferte@cc-bar-sur-aube.fr
VILLE SUR ARCE,http://annuaire-des-mairies.com/./10/ville-sur-arce.html,mairievillesurarce@wanadoo.fr
VILLE SUR TERRE,http://annuaire-des-mairies.com/./10/ville-sur-terre.html,mairie.villesurterre@wanadoo.fr
VILLETTE SUR AUBE,http://annuaire-des-mairies.com/./10/villette-sur-aube.html,mairie.villette-sur-aube@wanadoo.fr
VILLIERS HERBISSE,http://annuaire-des-mairies.com/./10/villiers-herbisse.html,mairie.villiers-herbisse@orange.fr
VILLIERS LE BOIS,http://annuaire-des-mairies.com/./10/villiers-le-bois.html,mairie-villiers-le-bois-10@wanadoo.fr
VILLIERS SOUS PRASLIN,http://annuaire-des-mairies.com/./10/villiers-sous-praslin.html,mairie.villiers.sous.praslin@wanadoo.fr
VILLY EN TRODES,http://annuaire-des-mairies.com/./10/villy-en-trodes.html,mairievillyentrodes@wanadoo.fr
VILLY LE BOIS,http://annuaire-des-mairies.com/./10/villy-le-bois.html,mairie.villy-le-bois@orange.fr
VILLY LE MARECHAL,http://annuaire-des-mairies.com/./10/villy-le-marechal.html,vlm.mairie@orange.fr
VINETS,http://annuaire-des-mairies.com/./10/vinets.html,vinets.mairie@wanadoo.fr
VIREY SOUS BAR,http://annuaire-des-mairies.com/./10/virey-sous-bar.html,mairie.virey-sous-bar@wanadoo.fr
VITRY LE CROISE,http://annuaire-des-mairies.com/./10/vitry-le-croise.html,mairie.vitrylecroise@wanadoo.fr
VIVIERS SUR ARTAUT,http://annuaire-des-mairies.com/./10/viviers-sur-artaut.html,viviers-sur-artaut-mairie@wanadoo.fr
VOIGNY,http://annuaire-des-mairies.com/./10/voigny.html,mairie.voigny@cc-bar-sur-aube.fr
VOSNON,http://annuaire-des-mairies.com/./10/vosnon.html,mairievosnon@wanadoo.fr
VOUE,http://annuaire-des-mairies.com/./10/voue.html,mairie.voue@wanadoo.fr
VOUGREY,http://annuaire-des-mairies.com/./10/vougrey.html,mairie.vougrey@wanadoo.fr
VULAINES,http://annuaire-des-mairies.com/./10/vulaines.html,mairie.vulaines@wanadoo.fr
YEVRES LE PETIT,http://annuaire-des-mairies.com/./10/yevres-le-petit.html,mairie.yevres@laposte.net
